epoch,time,train/box_loss,train/cls_loss,train/dfl_loss,metrics/precision(B),metrics/recall(B),metrics/mAP50(B),metrics/mAP50-95(B),val/box_loss,val/cls_loss,val/dfl_loss,lr/pg0,lr/pg1,lr/pg2
1,3072.31,1.5811,3.48568,1.2507,0.30072,0.34732,0.28842,0.17915,1.38557,2.70593,1.19831,0.000276951,0.000276951,0.000276951
2,6078.92,1.45046,2.30166,1.18546,0.45942,0.48872,0.43895,0.26226,1.3427,1.89349,1.19001,0.000543636,0.000543636,0.000543636
